
  CREATE TABLE GSAN_ADMIN.ORGAO_EXTERNO 
   (	ORGA_ID NUMBER(*,0) NOT NULL ENABLE, 
		ORGA_DSORGAOEXTERNO VARCHAR2(30 BYTE) NOT NULL ENABLE, 
		ORGA_ICUSO NUMBER(*,0) NOT NULL ENABLE, 
		ORGA_TMULTIMAALTERACAO TIMESTAMP (6) DEFAULT CURRENT_TIMESTAMP NOT NULL ENABLE, 
	 	CONSTRAINT ORGAO_EXTERNO_PKEY PRIMARY KEY (ORGA_ID)
 	);
 


grant all privileges on GSAN_ADMIN.ORGAO_EXTERNO to gsan_oper;
CREATE OR REPLACE PUBLIC SYNONYM ORGAO_EXTERNO FOR GSAN_ADMIN.ORGAO_EXTERNO;

grant all privileges on GSAN_ADMIN.SQ_ORGAO_EXTERNO to gsan_oper;
CREATE OR REPLACE PUBLIC SYNONYM SQ_ORGAO_EXTERNO FOR GSAN_ADMIN.SQ_ORGAO_EXTERNO;

CREATE SEQUENCE  "GSAN_ADMIN"."SQ_ORGAO_EXTERNO" INCREMENT BY 1 MAXVALUE 999999999999999999999999999 MINVALUE 1 CACHE 20;


Insert into GSAN_ADMIN.FUNCIONALIDADE (FNCD_ID,MODU_ID,FNCD_DSFUNCIONALIDADE,FNCD_TMULTIMAALTERACAO,FNCD_DSCAMINHOMENU,FNCD_DSCAMINHOURL,FNCD_ICPONTOENTRADA,FNCD_DSABREVIADO,FNCD_NNORDEMMENU,FNCD_ICNOVAJANELA) values (1104,3,'Atualizar Orgao Externo',current_timestamp,'Gsan/Cobranca/Orgao Externo','exibirAtualizarOrgaoExternoAction.do',2,'ExAtuOE',0,2);
Insert into GSAN_ADMIN.FUNCIONALIDADE (FNCD_ID,MODU_ID,FNCD_DSFUNCIONALIDADE,FNCD_TMULTIMAALTERACAO,FNCD_DSCAMINHOMENU,FNCD_DSCAMINHOURL,FNCD_ICPONTOENTRADA,FNCD_DSABREVIADO,FNCD_NNORDEMMENU,FNCD_ICNOVAJANELA) values (1105,3,'Remover Orgao Externo',current_timestamp,'Gsan/Cobranca/Orgao Externo','removerOrgaoExternoAction.do',2,'ReOrEx',0,2);
Insert into GSAN_ADMIN.FUNCIONALIDADE (FNCD_ID,MODU_ID,FNCD_DSFUNCIONALIDADE,FNCD_TMULTIMAALTERACAO,FNCD_DSCAMINHOMENU,FNCD_DSCAMINHOURL,FNCD_ICPONTOENTRADA,FNCD_DSABREVIADO,FNCD_NNORDEMMENU,FNCD_ICNOVAJANELA) values (1102,3,'Inserir Orgao Externo',current_timestamp,'Gsan/Cobranca/Orgao Externo','exibirInserirOrgaoExternoAction.do',1,'EIOrEx',0,2);
Insert into GSAN_ADMIN.FUNCIONALIDADE (FNCD_ID,MODU_ID,FNCD_DSFUNCIONALIDADE,FNCD_TMULTIMAALTERACAO,FNCD_DSCAMINHOMENU,FNCD_DSCAMINHOURL,FNCD_ICPONTOENTRADA,FNCD_DSABREVIADO,FNCD_NNORDEMMENU,FNCD_ICNOVAJANELA) values (1103,3,'Filtrar Orgao Externo',current_timestamp,'Gsan/Cobranca/Orgao Externo','exibirFiltrarOrgaoExternoAction.do',1,'EFOrExA',0,2);


Insert into GSAN_ADMIN.OPERACAO (OPER_ID,FNCD_ID,OPER_DSOPERACAO,OPER_DSABREVIADO,OPER_DSCAMINHOURL,OPER_TMULTIMAALTERACAO,OPER_IDOPERACAOPESQUISA,TBCO_ID,OPTP_ID,TBCO_IDARGUMENTO) values (2539,1102,'Inserir Orgao Externo','InOrExt','inserirOrgaoExternoAction.do',current_timestamp,null,null,4,null);
Insert into GSAN_ADMIN.OPERACAO (OPER_ID,FNCD_ID,OPER_DSOPERACAO,OPER_DSABREVIADO,OPER_DSCAMINHOURL,OPER_TMULTIMAALTERACAO,OPER_IDOPERACAOPESQUISA,TBCO_ID,OPTP_ID,TBCO_IDARGUMENTO) values (2540,1103,'Filtrar Orgao Externo','ForExAc','filtrarOrgaoExternoAction.do',current_timestamp,null,null,5,null);
Insert into GSAN_ADMIN.OPERACAO (OPER_ID,FNCD_ID,OPER_DSOPERACAO,OPER_DSABREVIADO,OPER_DSCAMINHOURL,OPER_TMULTIMAALTERACAO,OPER_IDOPERACAOPESQUISA,TBCO_ID,OPTP_ID,TBCO_IDARGUMENTO) values (2541,1104,'Atualizar Orgao Externo','AtuOrEx','atualizarOrgaoExternoAction.do',current_timestamp,null,null,3,null);
Insert into GSAN_ADMIN.OPERACAO (OPER_ID,FNCD_ID,OPER_DSOPERACAO,OPER_DSABREVIADO,OPER_DSCAMINHOURL,OPER_TMULTIMAALTERACAO,OPER_IDOPERACAOPESQUISA,TBCO_ID,OPTP_ID,TBCO_IDARGUMENTO) values (2542,1105,'Remover Orgao Externo','ReOrEx','removerOrgaoExternoAction.do',current_timestamp,null,null,2,null);


Insert into GSAN_ADMIN.GRUPO_FUNCIONALIDADE_OPERACAO  (GRUP_ID,OPER_ID,FNCD_ID,GFOP_TMULTIMAALTERACAO) values (1,2540,1103,current_timestamp);
Insert into GSAN_ADMIN.GRUPO_FUNCIONALIDADE_OPERACAO (GRUP_ID,OPER_ID,FNCD_ID,GFOP_TMULTIMAALTERACAO) values (1,2539,1102,current_timestamp);
Insert into GSAN_ADMIN.GRUPO_FUNCIONALIDADE_OPERACAO (GRUP_ID,OPER_ID,FNCD_ID,GFOP_TMULTIMAALTERACAO) values (1,2541,1104,current_timestamp);
Insert into GSAN_ADMIN.GRUPO_FUNCIONALIDADE_OPERACAO (GRUP_ID,OPER_ID,FNCD_ID,GFOP_TMULTIMAALTERACAO) values (1,2542,1105,current_timestamp);


