CREATE TABLE GSAN_ADMIN.INFRACAO_IMOVEL_SITUACAO 
(INIS_ID NUMBER(4, 0) NOT NULL, 
 INIS_DSIMOVELSITUACAO VARCHAR2(30 BYTE) NOT NULL, 
 INIS_DSABVIMOVELSITUACAO CHAR(10) NOT NULL, 
 INIS_TMULTIMAALTERACAO TIMESTAMP(6) DEFAULT CURRENT_TIMESTAMP NOT NULL, 
 INIS_ICUSO NUMBER(4,0) DEFAULT 1 NOT NULL);, 
 CONSTRAINT INFRACAO_IMOVEL_SITUACAO_PKEY PRIMARY KEY (INIS_ID) ENABLE);

CREATE SEQUENCE GSAN_ADMIN.SQ_INFRACAO_IMOVEL_SITUACAO INCREMENT BY 1 MAXVALUE 999999999999999999999999999 MINVALUE 1 CACHE 20;

grant all privileges on GSAN_ADMIN.INFRACAO_IMOVEL_SITUACAO to gsan_oper;
grant all privileges on GSAN_ADMIN.SQ_INFRACAO_IMOVEL_SITUACAO to gsan_oper;

CREATE OR REPLACE PUBLIC SYNONYM INFRACAO_IMOVEL_SITUACAO FOR GSAN_ADMIN.INFRACAO_IMOVEL_SITUACAO;
CREATE OR REPLACE PUBLIC SYNONYM SQ_INFRACAO_IMOVEL_SITUACAO FOR GSAN_ADMIN.SQ_INFRACAO_IMOVEL_SITUACAO;



INSERT INTO "GSAN_ADMIN"."FUNCIONALIDADE" (FNCD_ID, MODU_ID, FNCD_DSFUNCIONALIDADE, FNCD_DSCAMINHOMENU, FNCD_DSCAMINHOURL, FNCD_ICPONTOENTRADA, FNCD_DSABREVIADO, FNCD_NNORDEMMENU, FNCD_ICNOVAJANELA) 
VALUES ('1110', '3', 'Inserir Situacao de Infracao do Imovel', 'Gsan/Cobranca/Infracao/Situacao de Infracao do Imovel', 'exibirInserirInfracaoImovelSituacaoAction.do', '1', 'EIOrEx', '0', '2');


INSERT INTO "GSAN_ADMIN"."FUNCIONALIDADE" (FNCD_ID, MODU_ID, FNCD_DSFUNCIONALIDADE, FNCD_DSCAMINHOMENU, FNCD_DSCAMINHOURL, FNCD_ICPONTOENTRADA, FNCD_DSABREVIADO, FNCD_NNORDEMMENU, FNCD_ICNOVAJANELA) 
VALUES ('1111', '3', 'Manter Situacao de Infracao do Imovel', 'Gsan/Cobranca/Infracao/Situacao de Infracao do Imovel', 'exibirFiltrarInfracaoImovelSituacaoAction.do', '1', 'EFOrExA', '0', '2');


INSERT INTO "GSAN_ADMIN"."FUNCIONALIDADE" (FNCD_ID, MODU_ID, FNCD_DSFUNCIONALIDADE, FNCD_DSCAMINHOMENU, FNCD_DSCAMINHOURL, FNCD_ICPONTOENTRADA, FNCD_DSABREVIADO, FNCD_NNORDEMMENU, FNCD_ICNOVAJANELA) 
VALUES ('1112', '3', 'Atualizar Situacao de Infracao do Imovel', 'Gsan/Cobranca/Infracao/Situacao de Infracao do Imovel', 'exibirAtualizarInfracaoImovelSituacaoAction.do', '2', 'ExAtuOE', '0', '2');



INSERT INTO "GSAN_ADMIN"."FUNCIONALIDADE" (FNCD_ID, MODU_ID, FNCD_DSFUNCIONALIDADE, FNCD_DSCAMINHOMENU, FNCD_DSCAMINHOURL, FNCD_ICPONTOENTRADA, FNCD_DSABREVIADO, FNCD_NNORDEMMENU, FNCD_ICNOVAJANELA) 
VALUES ('1113', '3', 'Remover Situacao de Infracao do Imovel', 'Gsan/Cobranca/Infracao/Situacao de Infracao do Imovel', 'removerInfracaoImovelSituacaoAction.do', '2', 'ReOrEx', '0', '2');



INSERT INTO "GSAN_ADMIN"."OPERACAO" (OPER_ID, FNCD_ID, OPER_DSOPERACAO, OPER_DSABREVIADO, OPER_DSCAMINHOURL, OPTP_ID) 
VALUES ('2547', '1110', 'Inserir Situacao de Infracao do Imovel', 'InOrExt', 'inserirInfracaoImovelSituacaoAction.do', '4');


INSERT INTO "GSAN_ADMIN"."OPERACAO" (OPER_ID, FNCD_ID, OPER_DSOPERACAO, OPER_DSABREVIADO, OPER_DSCAMINHOURL, OPTP_ID) 
VALUES ('2548', '1111', 'Filtrar Situacao de Infracao do Imovel', 'ForExAc', 'filtrarInfracaoImovelSituacaoAction.do', '5');


INSERT INTO "GSAN_ADMIN"."OPERACAO" (OPER_ID, FNCD_ID, OPER_DSOPERACAO, OPER_DSABREVIADO, OPER_DSCAMINHOURL, OPTP_ID) 
VALUES ('2549', '1112', 'Atualizar Situacao de Infracao do Imovel', 'AtuOrEx', 'atualizarInfracaoImovelSituacaoAction.do', '3');


INSERT INTO "GSAN_ADMIN"."OPERACAO" (OPER_ID, FNCD_ID, OPER_DSOPERACAO, OPER_DSABREVIADO, OPER_DSCAMINHOURL, OPTP_ID) 
VALUES ('2550', '1113', 'Remover Situacao de Infracao do Imovel', 'ReOrEx', 'removerInfracaoImovelSituacaoAction.do', '2');


INSERT INTO "GSAN_ADMIN"."GRUPO_FUNCIONALIDADE_OPERACAO" (GRUP_ID, OPER_ID, FNCD_ID) VALUES ('1', '2547', '1110');


INSERT INTO "GSAN_ADMIN"."GRUPO_FUNCIONALIDADE_OPERACAO" (GRUP_ID, OPER_ID, FNCD_ID) VALUES ('1', '2548', '1111');


INSERT INTO "GSAN_ADMIN"."GRUPO_FUNCIONALIDADE_OPERACAO" (GRUP_ID, OPER_ID, FNCD_ID) VALUES ('1', '2549', '1112');


INSERT INTO "GSAN_ADMIN"."GRUPO_FUNCIONALIDADE_OPERACAO" (GRUP_ID, OPER_ID, FNCD_ID) VALUES ('1', '2550', '1113');
commit;