CREATE TABLE GSAN_ADMIN.INFRACAO_PERFIL
( INPE_ID NUMBER (*,0) NOT NULL,
  INTP_ID NUMBER (*,0) NOT NULL,
  CATG_ID NUMBER (*,0),
  SCAT_ID NUMBER (*,0),
  IPER_ID NUMBER (*,0),
  INPE_TMULTIMAALTERACAO TIMESTAMP(6) DEFAULT CURRENT_TIMESTAMP NOT NULL,
  CONSTRAINT INFRACAO_PERFIL_PKEY PRIMARY KEY (INPE_ID) ENABLE,
  CONSTRAINT FK1_INFRACAO_PERFIL FOREIGN KEY (INTP_ID) REFERENCES GSAN_ADMIN.INFRACAO_TIPO(INTP_ID) ENABLE,
  CONSTRAINT FK2_INFRACAO_PERFIL FOREIGN KEY (CATG_ID) REFERENCES GSAN_ADMIN.CATEGORIA(CATG_ID) ENABLE,
  CONSTRAINT FK3_INFRACAO_PERFIL FOREIGN KEY (SCAT_ID) REFERENCES GSAN_ADMIN.SUBCATEGORIA(SCAT_ID) ENABLE,
  CONSTRAINT FK4_IMOVEL_PERFIL FOREIGN KEY (IPER_ID) REFERENCES GSAN_ADMIN.IMOVEL_PERFIL(IPER_ID) ENABLE);
  
  CREATE UNIQUE INDEX GSAN_ADMIN.XAK1_INFRACAO_PERFIL ON GSAN_ADMIN.INFRACAO_PERFIL(INTP_ID,CATG_ID,SCAT_ID,IPER_ID);
  
  CREATE SEQUENCE GSAN_ADMIN.SQ_INFRACAO_PERFIL INCREMENT BY 1 MAXVALUE 999999999999999999999999999 MINVALUE 1 CACHE 20;
  
  GRANT ALL PRIVILEGES ON GSAN_ADMIN.INFRACAO_PERFIL TO GSAN_OPER;
  GRANT ALL PRIVILEGES ON GSAN_ADMIN.SQ_INFRACAO_PERFIL TO GSAN_OPER;
  
  CREATE OR REPLACE PUBLIC SYNONYM INFRACAO_PERFIL FOR GSAN_ADMIN.INFRACAO_PERFIL;
  CREATE OR REPLACE PUBLIC SYNONYM SQ_INFRACAO_PERFIL FOR GSAN_ADMIN.SQ_INFRACAO_PERFIL;
  
  
create table gsan_admin.infracao_perfil_debito_tipo 
(IPDT_ID NUMBER (*,0) NOT NULL,
 INPE_ID NUMBER (*,0) NOT NULL,
 DBTP_ID NUMBER (*,0) NOT NULL,
 IDPT_ICLANCAMENTOATIVO NUMBER (*,0) NOT NULL,
 IPDT_PCDESCONTO NUMBER (5,2),
 IPDT_NNFATORMULTIPLICADOR NUMBER (5,2),
 IPDT_TMULTIMAALTERACAO TIMESTAMP(6) DEFAULT CURRENT_TIMESTAMP NOT NULL,
 CONSTRAINT INFR_PER_DEBITO_TIPO_PKEY PRIMARY KEY (IPDT_ID) ENABLE,
 CONSTRAINT FK1_INFR_PERFIL_DEBITO_TIPO FOREIGN KEY (INPE_ID) REFERENCES GSAN_ADMIN.INFRACAO_PERFIL (INPE_ID) ENABLE,
 CONSTRAINT FK2_INFR_PERFIL_DEBITO_TIPO FOREIGN KEY (DBTP_ID) REFERENCES GSAN_ADMIN.DEBITO_TIPO (DBTP_ID) ENABLE);
 
 CREATE UNIQUE INDEX GSAN_ADMIN.XAK1_INFR_PER_DEBITO_TIPO ON GSAN_ADMIN.INFRACAO_PERFIL_DEBITO_TIPO (INPE_ID,DBTP_ID);
 CREATE SEQUENCE GSAN_ADMIN.SQ_INFR_PER_DEBITO_TIPO INCREMENT BY 1 MAXVALUE 999999999999999999999999999 MINVALUE 1 CACHE 20;
 
 GRANT ALL PRIVILEGES ON GSAN_ADMIN.INFRACAO_PERFIL_DEBITO_TIPO TO GSAN_OPER;
 GRANT ALL PRIVILEGES ON GSAN_ADMIN.SQ_INFR_PER_DEBITO_TIPO TO GSAN_OPER;
 
 CREATE OR REPLACE PUBLIC SYNONYM INFRACAO_PERFIL_DEBITO_TIPO FOR GSAN_ADMIN.INFRACAO_PERFIL_DEBITO_TIPO;
 CREATE OR REPLACE PUBLIC SYNONYM SQ_INFR_PER_DEBITO_TIPO FOR GSAN_ADMIN.SQ_INFR_PER_DEBITO_TIPO;
  
Insert into FUNCIONALIDADE (FNCD_ID,MODU_ID,FNCD_DSFUNCIONALIDADE,FNCD_TMULTIMAALTERACAO,FNCD_DSCAMINHOMENU,FNCD_DSCAMINHOURL,FNCD_ICPONTOENTRADA,FNCD_DSABREVIADO,FNCD_NNORDEMMENU,FNCD_ICNOVAJANELA) values (1129,3,'Adicionar Infracao Perfil Debito Tipo',to_timestamp('28/02/11 19:13:27,626000000','DD/MM/RR HH24:MI:SS,FF'),'Gsan/Cobranca/Infracao','adicionarInfracaoPerfilDebitoTipoAction,do',2,'IIPPII',0,1);
Insert into FUNCIONALIDADE (FNCD_ID,MODU_ID,FNCD_DSFUNCIONALIDADE,FNCD_TMULTIMAALTERACAO,FNCD_DSCAMINHOMENU,FNCD_DSCAMINHOURL,FNCD_ICPONTOENTRADA,FNCD_DSABREVIADO,FNCD_NNORDEMMENU,FNCD_ICNOVAJANELA) values (1128,3,'Adicionar Infracao Perfil Debito Tipo',to_timestamp('25/02/11 18:52:07,802000000','DD/MM/RR HH24:MI:SS,FF'),'Gsan/Cobranca/Infracao','exibirInserirInfracaoPerfilDebitoTipo,do',2,'IIPPII',0,1);
Insert into FUNCIONALIDADE (FNCD_ID,MODU_ID,FNCD_DSFUNCIONALIDADE,FNCD_TMULTIMAALTERACAO,FNCD_DSCAMINHOMENU,FNCD_DSCAMINHOURL,FNCD_ICPONTOENTRADA,FNCD_DSABREVIADO,FNCD_NNORDEMMENU,FNCD_ICNOVAJANELA) values (1126,3,'Remover Infracao Perfil Debito Tipo',to_timestamp('21/02/11 15:52:49,187000000','DD/MM/RR HH24:MI:SS,FF'),'Gsan/Cobranca/Infracao/Perfil de Infracao','removerInfracaoPerfilDebitoTipoAction,do',2,'EIINPDT',0,2);
Insert into FUNCIONALIDADE (FNCD_ID,MODU_ID,FNCD_DSFUNCIONALIDADE,FNCD_TMULTIMAALTERACAO,FNCD_DSCAMINHOMENU,FNCD_DSCAMINHOURL,FNCD_ICPONTOENTRADA,FNCD_DSABREVIADO,FNCD_NNORDEMMENU,FNCD_ICNOVAJANELA) values (1125,3,'Atualizar Infracao Perfil Debito Tipo',to_timestamp('21/02/11 15:52:44,999000000','DD/MM/RR HH24:MI:SS,FF'),'Gsan/Cobranca/Infracao/Perfil de Infracao','exibirAtualizarInfracaoPerfilDebitoTipoAction,do',2,'EIINPDT',0,2);
Insert into FUNCIONALIDADE (FNCD_ID,MODU_ID,FNCD_DSFUNCIONALIDADE,FNCD_TMULTIMAALTERACAO,FNCD_DSCAMINHOMENU,FNCD_DSCAMINHOURL,FNCD_ICPONTOENTRADA,FNCD_DSABREVIADO,FNCD_NNORDEMMENU,FNCD_ICNOVAJANELA) values (1124,3,'Manter Infracao Perfil Debito Tipo',to_timestamp('21/02/11 15:52:38,234000000','DD/MM/RR HH24:MI:SS,FF'),'Gsan/Cobranca/Infracao/Perfil de Infracao','exibirFiltrarInfracaoPerfilDebitoTipoAction,do',1,'EIINPDT',0,2);
Insert into FUNCIONALIDADE (FNCD_ID,MODU_ID,FNCD_DSFUNCIONALIDADE,FNCD_TMULTIMAALTERACAO,FNCD_DSCAMINHOMENU,FNCD_DSCAMINHOURL,FNCD_ICPONTOENTRADA,FNCD_DSABREVIADO,FNCD_NNORDEMMENU,FNCD_ICNOVAJANELA) values (1123,3,'Inserir Infracao Perfil Debito Tipo',to_timestamp('21/02/11 15:49:29,999000000','DD/MM/RR HH24:MI:SS,FF'),'Gsan/Cobranca/Infracao/Perfil de Infracao','exibirInserirInfracaoPerfilDebitoTipoAction,do',1,'EIINPDT',0,2);
Insert into FUNCIONALIDADE (FNCD_ID,MODU_ID,FNCD_DSFUNCIONALIDADE,FNCD_TMULTIMAALTERACAO,FNCD_DSCAMINHOMENU,FNCD_DSCAMINHOURL,FNCD_ICPONTOENTRADA,FNCD_DSABREVIADO,FNCD_NNORDEMMENU,FNCD_ICNOVAJANELA) values (1121,3,'Remover Perfil de Infracao',to_timestamp('18/02/11 16:36:48,174000000','DD/MM/RR HH24:MI:SS,FF'),'Gsan/Cobranca/Infracao/Perfil de Infracao','removerInfracaoPerfilAction,do',2,'ReInPeA',0,2);
Insert into FUNCIONALIDADE (FNCD_ID,MODU_ID,FNCD_DSFUNCIONALIDADE,FNCD_TMULTIMAALTERACAO,FNCD_DSCAMINHOMENU,FNCD_DSCAMINHOURL,FNCD_ICPONTOENTRADA,FNCD_DSABREVIADO,FNCD_NNORDEMMENU,FNCD_ICNOVAJANELA) values (1120,3,'Atualizar Perfil de Infracao',to_timestamp('18/02/11 11:26:41,727000000','DD/MM/RR HH24:MI:SS,FF'),'Gsan/Cobranca/Infracao/Perfil de Infracao','exibirAtualizarInfracaoPerfilAction,do',2,'ExAtInPe',0,2);
Insert into FUNCIONALIDADE (FNCD_ID,MODU_ID,FNCD_DSFUNCIONALIDADE,FNCD_TMULTIMAALTERACAO,FNCD_DSCAMINHOMENU,FNCD_DSCAMINHOURL,FNCD_ICPONTOENTRADA,FNCD_DSABREVIADO,FNCD_NNORDEMMENU,FNCD_ICNOVAJANELA) values (1119,3,'Filtrar Perfil de Infracao',to_timestamp('17/02/11 15:28:50,899000000','DD/MM/RR HH24:MI:SS,FF'),'Gsan/Cobranca/Infracao/Perfil de Infracao','exibirFiltrarInfracaoPerfilAction,do',1,'ExFiInPe',0,2);
Insert into FUNCIONALIDADE (FNCD_ID,MODU_ID,FNCD_DSFUNCIONALIDADE,FNCD_TMULTIMAALTERACAO,FNCD_DSCAMINHOMENU,FNCD_DSCAMINHOURL,FNCD_ICPONTOENTRADA,FNCD_DSABREVIADO,FNCD_NNORDEMMENU,FNCD_ICNOVAJANELA) values (1118,3,'Inserir Perfil de Infracao',to_timestamp('16/02/11 18:02:59,988000000','DD/MM/RR HH24:MI:SS,FF'),'Gsan/Cobranca/Infracao/Perfil de Infracao','exibirInserirInfracaoPerfilAction,do',1,'ExInInPe',0,2);

Insert into OPERACAO (OPER_ID,FNCD_ID,OPER_DSOPERACAO,OPER_DSABREVIADO,OPER_DSCAMINHOURL,OPER_TMULTIMAALTERACAO,OPER_IDOPERACAOPESQUISA,TBCO_ID,OPTP_ID,TBCO_IDARGUMENTO) values (2567,1118,'Adicionar Infracao Perfil Debito Tipo','REPECONE','adicionarInfracaoPerfilAction,do',to_timestamp('09/03/11 09:04:38,154000000','DD/MM/RR HH24:MI:SS,FF'),null,null,7,null);
Insert into OPERACAO (OPER_ID,FNCD_ID,OPER_DSOPERACAO,OPER_DSABREVIADO,OPER_DSCAMINHOURL,OPER_TMULTIMAALTERACAO,OPER_IDOPERACAOPESQUISA,TBCO_ID,OPTP_ID,TBCO_IDARGUMENTO) values (2566,1128,'Adicionar Infracao Perfil Debito Tipo','REPECONE','adicionarInfracaoPerfilDebitoTipo,do',to_timestamp('09/03/11 08:57:02,982000000','DD/MM/RR HH24:MI:SS,FF'),null,null,7,null);
Insert into OPERACAO (OPER_ID,FNCD_ID,OPER_DSOPERACAO,OPER_DSABREVIADO,OPER_DSCAMINHOURL,OPER_TMULTIMAALTERACAO,OPER_IDOPERACAOPESQUISA,TBCO_ID,OPTP_ID,TBCO_IDARGUMENTO) values (2565,1128,'Adicionar Infracao Perfil Debito Tipo','REPECONE','adicionarInfracaoDebitPerfilDebitoTipo,do',to_timestamp('25/02/11 18:52:58,317000000','DD/MM/RR HH24:MI:SS,FF'),null,null,7,null);
Insert into OPERACAO (OPER_ID,FNCD_ID,OPER_DSOPERACAO,OPER_DSABREVIADO,OPER_DSCAMINHOURL,OPER_TMULTIMAALTERACAO,OPER_IDOPERACAOPESQUISA,TBCO_ID,OPTP_ID,TBCO_IDARGUMENTO) values (2563,1126,'Remover Infracao Perfil Debito Tipo','EIINPDT','removerInfracaoPerfilDebitoTipoAction,do',to_timestamp('21/02/11 15:53:13,734000000','DD/MM/RR HH24:MI:SS,FF'),null,null,2,null);
Insert into OPERACAO (OPER_ID,FNCD_ID,OPER_DSOPERACAO,OPER_DSABREVIADO,OPER_DSCAMINHOURL,OPER_TMULTIMAALTERACAO,OPER_IDOPERACAOPESQUISA,TBCO_ID,OPTP_ID,TBCO_IDARGUMENTO) values (2562,1125,'Atualizar Infracao Perfil Debito Tipo','EIINPDT','atualziarInfracaoPerfilDebitoTipoAction,do',to_timestamp('21/02/11 15:53:03,546000000','DD/MM/RR HH24:MI:SS,FF'),null,null,3,null);
Insert into OPERACAO (OPER_ID,FNCD_ID,OPER_DSOPERACAO,OPER_DSABREVIADO,OPER_DSCAMINHOURL,OPER_TMULTIMAALTERACAO,OPER_IDOPERACAOPESQUISA,TBCO_ID,OPTP_ID,TBCO_IDARGUMENTO) values (2558,1121,'Remover Perfil de Infracao','RePeIn','removerInfracaoPerfilAction,do',to_timestamp('18/02/11 16:37:47,878000000','DD/MM/RR HH24:MI:SS,FF'),null,null,2,null);
Insert into OPERACAO (OPER_ID,FNCD_ID,OPER_DSOPERACAO,OPER_DSABREVIADO,OPER_DSCAMINHOURL,OPER_TMULTIMAALTERACAO,OPER_IDOPERACAOPESQUISA,TBCO_ID,OPTP_ID,TBCO_IDARGUMENTO) values (2557,1120,'Atualizar Perfil de Infracao','AtPeIn','atualizarInfracaoPerfilAction,do',to_timestamp('18/02/11 11:27:50,852000000','DD/MM/RR HH24:MI:SS,FF'),null,null,3,null);
Insert into OPERACAO (OPER_ID,FNCD_ID,OPER_DSOPERACAO,OPER_DSABREVIADO,OPER_DSCAMINHOURL,OPER_TMULTIMAALTERACAO,OPER_IDOPERACAOPESQUISA,TBCO_ID,OPTP_ID,TBCO_IDARGUMENTO) values (2556,1119,'Filtrar Perfil de Infracao','FiPeInf','filtrarInfracaoPerfilAction,do',to_timestamp('17/02/11 15:30:55,556000000','DD/MM/RR HH24:MI:SS,FF'),null,null,5,null);
Insert into OPERACAO (OPER_ID,FNCD_ID,OPER_DSOPERACAO,OPER_DSABREVIADO,OPER_DSCAMINHOURL,OPER_TMULTIMAALTERACAO,OPER_IDOPERACAOPESQUISA,TBCO_ID,OPTP_ID,TBCO_IDARGUMENTO) values (2555,1118,'Inserir Perfil de Infracao','InPeIn','inserirInfracaoPerfilAction,do',to_timestamp('16/02/11 18:04:35,723000000','DD/MM/RR HH24:MI:SS,FF'),null,null,4,null);

INSERT INTO "GSAN_ADMIN"."GRUPO_FUNCIONALIDADE_OPERACAO" (GRUP_ID, OPER_ID, FNCD_ID) VALUES ('1', 2567,1118);

INSERT INTO "GSAN_ADMIN"."GRUPO_FUNCIONALIDADE_OPERACAO" (GRUP_ID, OPER_ID, FNCD_ID) VALUES ('1', 2566,1128);

INSERT INTO "GSAN_ADMIN"."GRUPO_FUNCIONALIDADE_OPERACAO" (GRUP_ID, OPER_ID, FNCD_ID) VALUES ('1', 2565,1128);

INSERT INTO "GSAN_ADMIN"."GRUPO_FUNCIONALIDADE_OPERACAO" (GRUP_ID, OPER_ID, FNCD_ID) VALUES ('1', 2563,1126);

INSERT INTO "GSAN_ADMIN"."GRUPO_FUNCIONALIDADE_OPERACAO" (GRUP_ID, OPER_ID, FNCD_ID) VALUES ('1', 2562,1125);

INSERT INTO "GSAN_ADMIN"."GRUPO_FUNCIONALIDADE_OPERACAO" (GRUP_ID, OPER_ID, FNCD_ID) VALUES ('1', 2558,1121);

INSERT INTO "GSAN_ADMIN"."GRUPO_FUNCIONALIDADE_OPERACAO" (GRUP_ID, OPER_ID, FNCD_ID) VALUES ('1', 2557,1120);

INSERT INTO "GSAN_ADMIN"."GRUPO_FUNCIONALIDADE_OPERACAO" (GRUP_ID, OPER_ID, FNCD_ID) VALUES ('1', 2556,1119);

INSERT INTO "GSAN_ADMIN"."GRUPO_FUNCIONALIDADE_OPERACAO" (GRUP_ID, OPER_ID, FNCD_ID) VALUES ('1', 2555,1118);
commit;