CREATE TABLE GSAN_ADMIN.INFRACAO_TIPO 
(INTP_ID NUMBER(4, 0) NOT NULL, 
 INTP_DSINFRACAOTIPO 	VARCHAR2(30 BYTE) NOT NULL, 
 INTP_DSABVINFRACAOTIPO CHAR(10) NOT NULL, 
 INTP_TMULTIMAALTERACAO TIMESTAMP(6) DEFAULT CURRENT_TIMESTAMP NOT NULL, 
 INTP_ICUSO NUMBER(4,0) DEFAULT 1 NOT NULL, 
 CONSTRAINT INFRACAO_TIPO_PKEY PRIMARY KEY (INTP_ID) ENABLE);

CREATE SEQUENCE GSAN_ADMIN.SQ_INFRACAO_TIPO INCREMENT BY 1 MAXVALUE 999999999999999999999999999 MINVALUE 1 CACHE 20;

grant all privileges on GSAN_ADMIN.INFRACAO_TIPO to gsan_oper;
grant all privileges on GSAN_ADMIN.SQ_INFRACAO_TIPO to gsan_oper;

CREATE OR REPLACE PUBLIC SYNONYM INFRACAO_TIPO FOR GSAN_ADMIN.INFRACAO_TIPO;
CREATE OR REPLACE PUBLIC SYNONYM SQ_INFRACAO_TIPO FOR GSAN_ADMIN.SQ_INFRACAO_TIPO;



INSERT INTO "GSAN_ADMIN"."FUNCIONALIDADE" (FNCD_ID, MODU_ID, FNCD_DSFUNCIONALIDADE, FNCD_DSCAMINHOMENU, FNCD_DSCAMINHOURL, FNCD_ICPONTOENTRADA, FNCD_DSABREVIADO, FNCD_NNORDEMMENU, FNCD_ICNOVAJANELA) 
VALUES ('1106', '3', 'Inserir Tipo de Infracao', 'Gsan/Cobranca/Infracao/Tipo de Infracao', 'exibirInserirInfracaoTipoAction.do', '1', 'EITpInf', '0', '2');
commit;

INSERT INTO "GSAN_ADMIN"."FUNCIONALIDADE" (FNCD_ID, MODU_ID, FNCD_DSFUNCIONALIDADE, FNCD_DSCAMINHOMENU, FNCD_DSCAMINHOURL, FNCD_ICPONTOENTRADA, FNCD_DSABREVIADO, FNCD_NNORDEMMENU, FNCD_ICNOVAJANELA) 
VALUES ('1107', '3', 'Manter Tipo de Infracao', 'Gsan/Cobranca/Infracao/Tipo de Infracao', 'exibirFiltrarInfracaoTipoAction.do', '1', 'EFTpInfA', '0', '2');
commit;

INSERT INTO "GSAN_ADMIN"."FUNCIONALIDADE" (FNCD_ID, MODU_ID, FNCD_DSFUNCIONALIDADE, FNCD_DSCAMINHOMENU, FNCD_DSCAMINHOURL, FNCD_ICPONTOENTRADA, FNCD_DSABREVIADO, FNCD_NNORDEMMENU, FNCD_ICNOVAJANELA) 
VALUES ('1108', '3', 'Atualizar Tipo de Infracao', 'Gsan/Cobranca/Infracao/Tipo de Infracao', 'exibirAtualizarInfracaoTipoAction.do', '2', 'ExAtuTI', '0', '2');
commit;

INSERT INTO "GSAN_ADMIN"."FUNCIONALIDADE" (FNCD_ID, MODU_ID, FNCD_DSFUNCIONALIDADE, FNCD_DSCAMINHOMENU, FNCD_DSCAMINHOURL, FNCD_ICPONTOENTRADA, FNCD_DSABREVIADO, FNCD_NNORDEMMENU, FNCD_ICNOVAJANELA) 
VALUES ('1109', '3', 'Remover Tipo de Infracao', 'Gsan/Cobranca/Infracao/Tipo de Infracao', 'removerInfracaoTipoAction.do', '2', 'ReTpIn', '0', '2');
commit;

INSERT INTO "GSAN_ADMIN"."OPERACAO" (OPER_ID, FNCD_ID, OPER_DSOPERACAO, OPER_DSABREVIADO, OPER_DSCAMINHOURL, OPTP_ID) 
VALUES ('2543', '1106', 'Inserir Tipo de Infracao', 'InOrExt', 'inserirInfracaoTipoAction.do', '4');
commit;

INSERT INTO "GSAN_ADMIN"."OPERACAO" (OPER_ID, FNCD_ID, OPER_DSOPERACAO, OPER_DSABREVIADO, OPER_DSCAMINHOURL, OPTP_ID) 
VALUES ('2544', '1107', 'Filtrar Tipo de Infracao', 'ForExAc', 'filtrarInfracaoTipoAction.do', '5');
commit;

INSERT INTO "GSAN_ADMIN"."OPERACAO" (OPER_ID, FNCD_ID, OPER_DSOPERACAO, OPER_DSABREVIADO, OPER_DSCAMINHOURL, OPTP_ID) 
VALUES ('2545', '1108', 'Atualizar Tipo de Infracao', 'AtuOrEx', 'atualizarInfracaoTipoAction.do', '3');
commit;

INSERT INTO "GSAN_ADMIN"."OPERACAO" (OPER_ID, FNCD_ID, OPER_DSOPERACAO, OPER_DSABREVIADO, OPER_DSCAMINHOURL, OPTP_ID) 
VALUES ('2546', '1109', 'Remover Tipo de Infracao', 'ReOrEx', 'removerInfracaoTipoAction.do', '2');
commit;

INSERT INTO "GSAN_ADMIN"."GRUPO_FUNCIONALIDADE_OPERACAO" (GRUP_ID, OPER_ID, FNCD_ID) VALUES ('1', '2543', '1106');
commit;

INSERT INTO "GSAN_ADMIN"."GRUPO_FUNCIONALIDADE_OPERACAO" (GRUP_ID, OPER_ID, FNCD_ID) VALUES ('1', '2544', '1107');
commit;

INSERT INTO "GSAN_ADMIN"."GRUPO_FUNCIONALIDADE_OPERACAO" (GRUP_ID, OPER_ID, FNCD_ID) VALUES ('1', '2545', '1108');
commit;

INSERT INTO "GSAN_ADMIN"."GRUPO_FUNCIONALIDADE_OPERACAO" (GRUP_ID, OPER_ID, FNCD_ID) VALUES ('1', '2546', '1109');
commit;
